{
 "actual_status": "running",
 "bundle_id": 379312016,
 "bw_nvlink": 56.24800109863281,
 "client_run_time": 1.1,
 "compute_cap": 860,
 "cpu_arch": "amd64",
 "cpu_cores": 64,
 "cpu_cores_effective": 32.0,
 "cpu_name": "AMD EPYC 75F3 32-Core Processor",
 "cpu_ram": 257571,
 "cpu_util": 95.579375,
 "credit_balance": null,
 "credit_discount": null,
 "credit_discount_max": 0.3,
 "cuda_max_good": 12.6,
 "cur_state": "running",
 "direct_port_count": 500,
 "direct_port_end": 43486,
 "direct_port_start": 43035,
 "disk_bw": 4727.0,
 "disk_name": "Samsung SSD 990 PRO 2TB",
 "disk_space": 20.0,
 "disk_usage": 0.0009360000258311629,
 "disk_util": 0.0009360000258311629,
 "dlperf": 33.866431,
 "dlperf_per_dphtotal": 12.673508482328483,
 "dph_base": 2.6666666666666665,
 "dph_total": 2.672222222222222,
 "driver_version": "560.35.03",
 "duration": 111.04522109031677,
 "end_date": 1732946413.0,
 "external": false,
 "extra_env": {
  "-p 5000:5000": "1",
  "TZ": "PDT",
  "XNAME": "XX4"
 },
 "flops_per_dphtotal": 13.386000498960499,
 "geolocation": "South Africa, ZA",
 "gpu_display_active": false,
 "gpu_frac": 0.5,
 "gpu_lanes": 16,
 "gpu_mem_bw": 825.9,
 "gpu_name": "RTX 3090",
 "gpu_ram": 24576,
 "gpu_temp": 68.999931,
 "gpu_totalram": 24576,
 "gpu_util": 99.999908,
 "has_avx": 1,
 "host_id": 5878,
 "host_run_time": 2592000.0,
 "hosting_type": null,
 "id": 13445220,
 "image_args": [],
 "image_runtype": "ssh_direc ssh_proxy",
 "image_uuid": "jjziets/vasttest:latest",
 "inet_down": 821.4,
 "inet_down_billed": 278.0,
 "inet_down_cost": 0.0013020833333333333,
 "inet_up": 836.7,
 "inet_up_billed": 15.3,
 "inet_up_cost": 0.0013020833333333333,
 "instance": {
  "discountTotalHour": 0,
  "discountedTotalPerHour": 0,
  "diskHour": 0.005555555555555555,
  "gpuCostPerHour": 2.6666666666666665,
  "totalHour": 2.672222222222222
 },
 "intended_status": "running",
 "internet_down_cost_per_tb": 1.3333333333333333,
 "internet_up_cost_per_tb": 1.3333333333333333,
 "is_bid": false,
 "jupyter_token": "1383317a148f4a4a99272fdc2fc0f237bac465870ef06ebec88f846e156084fa",
 "label": null,
 "local_ipaddrs": "192.168.1.104 192.168.122.1 100.77.146.78 172.18.0.1 172.17.0.1 fd7a:115c:a1e0::aecd:924e \n",
 "logo": "/static/logos/vastai_small2.png",
 "machine_dir_ssh_port": 43999,
 "machine_id": 24126,
 "mem_limit": 178.9919232,
 "mem_usage": 0.8414208000000001,
 "min_bid": 0.1333333,
 "mobo_name": "ROMED8",
 "next_state": "running",
 "num_gpus": 1,
 "onstart": "python3 remote.py",
 "os_version": "22.04",
 "pci_gen": 3.0,
 "pcie_bw": 12.4,
 "ports": {
  "22/tcp": [
   {
    "HostIp": "0.0.0.0",
    "HostPort": "43486"
   },
   {
    "HostIp": "::",
    "HostPort": "43486"
   }
  ],
  "5000/tcp": [
   {
    "HostIp": "0.0.0.0",
    "HostPort": "43035"
   },
   {
    "HostIp": "::",
    "HostPort": "43035"
   }
  ]
 },
 "public_ipaddr": "41.193.204.66",
 "reliability2": 0.9939105,
 "rentable": true,
 "score": 11.945500332525544,
 "search": {
  "discountTotalHour": 0,
  "discountedTotalPerHour": 2.672222222222222,
  "diskHour": 0.005555555555555555,
  "gpuCostPerHour": 2.6666666666666665,
  "totalHour": 2.672222222222222
 },
 "ssh_host": "ssh8.vast.ai",
 "ssh_idx": "8",
 "ssh_port": 15220,
 "start_date": 1730473623.5802584,
 "static_ip": true,
 "status_msg": "success, running jjziets/vasttest_latest/ssh",
 "storage_cost": 0.19999999999999998,
 "storage_total_cost": 0.005555555555555555,
 "template_hash_id": null,
 "time_remaining": "Unlimited",
 "time_remaining_isbid": "Unlimited",
 "total_flops": 35.770368,
 "uptime_mins": null,
 "verification": "verified",
 "vmem_usage": 21.429667,
 "vram_costperhour": 0.0001087330005787037,
 "webpage": null
}
